C:\Users\Lenovo\Desktop\car\IMG\center_2019_07_18_12_16_33_473.jpg,C:\Users\Lenovo\Desktop\car\IMG\left_2019_07_18_12_16_33_473.jpg,C:\Users\Lenovo\Desktop\car\IMG\right_2019_07_18_12_16_33_473.jpg,0,0,0,13.38052
C:\Users\Lenovo\Desktop\car\IMG\center_2019_07_18_12_16_33_588.jpg,C:\Users\Lenovo\Desktop\car\IMG\left_2019_07_18_12_16_33_588.jpg,C:\Users\Lenovo\Desktop\car\IMG\right_2019_07_18_12_16_33_588.jpg,0,0,0,13.18529
C:\Users\Lenovo\Desktop\car\IMG\center_2019_07_18_12_16_33_709.jpg,C:\Users\Lenovo\Desktop\car\IMG\left_2019_07_18_12_16_33_709.jpg,C:\Users\Lenovo\Desktop\car\IMG\right_2019_07_18_12_16_33_709.jpg,0,0,0,13.04072
C:\Users\Lenovo\Desktop\car\IMG\center_2019_07_18_12_16_33_825.jpg,C:\Users\Lenovo\Desktop\car\IMG\left_2019_07_18_12_16_33_825.jpg,C:\Users\Lenovo\Desktop\car\IMG\right_2019_07_18_12_16_33_825.jpg,0,0,0,12.93138
C:\Users\Lenovo\Desktop\car\IMG\center_2019_07_18_12_16_33_952.jpg,C:\Users\Lenovo\Desktop\car\IMG\left_2019_07_18_12_16_33_952.jpg,C:\Users\Lenovo\Desktop\car\IMG\right_2019_07_18_12_16_33_952.jpg,0,0,0,12.69744
C:\Users\Lenovo\Desktop\car\IMG\center_2019_07_18_12_16_34_033.jpg,C:\Users\Lenovo\Desktop\car\IMG\left_2019_07_18_12_16_34_033.jpg,C:\Users\Lenovo\Desktop\car\IMG\right_2019_07_18_12_16_34_033.jpg,0,0,0,12.67459
C:\Users\Lenovo\Desktop\car\IMG\center_2019_07_18_12_16_34_146.jpg,C:\Users\Lenovo\Desktop\car\IMG\left_2019_07_18_12_16_34_146.jpg,C:\Users\Lenovo\Desktop\car\IMG\right_2019_07_18_12_16_34_146.jpg,0,0,0,12.4287
C:\Users\Lenovo\Desktop\car\IMG\center_2019_07_18_12_16_34_296.jpg,C:\Users\Lenovo\Desktop\car\IMG\left_2019_07_18_12_16_34_296.jpg,C:\Users\Lenovo\Desktop\car\IMG\right_2019_07_18_12_16_34_296.jpg,0,0,0,12.49491
C:\Users\Lenovo\Desktop\car\IMG\center_2019_07_18_12_16_34_382.jpg,C:\Users\Lenovo\Desktop\car\IMG\left_2019_07_18_12_16_34_382.jpg,C:\Users\Lenovo\Desktop\car\IMG\right_2019_07_18_12_16_34_382.jpg,0,0,0,12.12763
C:\Users\Lenovo\Desktop\car\IMG\center_2019_07_18_12_16_34_502.jpg,C:\Users\Lenovo\Desktop\car\IMG\left_2019_07_18_12_16_34_502.jpg,C:\Users\Lenovo\Desktop\car\IMG\right_2019_07_18_12_16_34_502.jpg,0,0,0,11.98228
C:\Users\Lenovo\Desktop\car\IMG\center_2019_07_18_12_16_34_613.jpg,C:\Users\Lenovo\Desktop\car\IMG\left_2019_07_18_12_16_34_613.jpg,C:\Users\Lenovo\Desktop\car\IMG\right_2019_07_18_12_16_34_613.jpg,0,0,0,12.0954
C:\Users\Lenovo\Desktop\car\IMG\center_2019_07_18_12_16_34_730.jpg,C:\Users\Lenovo\Desktop\car\IMG\left_2019_07_18_12_16_34_730.jpg,C:\Users\Lenovo\Desktop\car\IMG\right_2019_07_18_12_16_34_730.jpg,0,0,0,11.95933
C:\Users\Lenovo\Desktop\car\IMG\center_2019_07_18_12_16_34_844.jpg,C:\Users\Lenovo\Desktop\car\IMG\left_2019_07_18_12_16_34_844.jpg,C:\Users\Lenovo\Desktop\car\IMG\right_2019_07_18_12_16_34_844.jpg,-0.3,0,0,11.78218
C:\Users\Lenovo\Desktop\car\IMG\center_2019_07_18_12_16_34_962.jpg,C:\Users\Lenovo\Desktop\car\IMG\left_2019_07_18_12_16_34_962.jpg,C:\Users\Lenovo\Desktop\car\IMG\right_2019_07_18_12_16_34_962.jpg,0,0,0,11.58905
C:\Users\Lenovo\Desktop\car\IMG\center_2019_07_18_12_16_35_075.jpg,C:\Users\Lenovo\Desktop\car\IMG\left_2019_07_18_12_16_35_075.jpg,C:\Users\Lenovo\Desktop\car\IMG\right_2019_07_18_12_16_35_075.jpg,0,0,0,11.19048
C:\Users\Lenovo\Desktop\car\IMG\center_2019_07_18_12_16_35_185.jpg,C:\Users\Lenovo\Desktop\car\IMG\left_2019_07_18_12_16_35_185.jpg,C:\Users\Lenovo\Desktop\car\IMG\right_2019_07_18_12_16_35_185.jpg,-0.15,0,0,11.26008
C:\Users\Lenovo\Desktop\car\IMG\center_2019_07_18_12_16_35_289.jpg,C:\Users\Lenovo\Desktop\car\IMG\left_2019_07_18_12_16_35_289.jpg,C:\Users\Lenovo\Desktop\car\IMG\right_2019_07_18_12_16_35_289.jpg,-0.45,0,0,11.0673
C:\Users\Lenovo\Desktop\car\IMG\center_2019_07_18_12_16_35_402.jpg,C:\Users\Lenovo\Desktop\car\IMG\left_2019_07_18_12_16_35_402.jpg,C:\Users\Lenovo\Desktop\car\IMG\right_2019_07_18_12_16_35_402.jpg,-0.7,0,0,10.85105
C:\Users\Lenovo\Desktop\car\IMG\center_2019_07_18_12_16_35_516.jpg,C:\Users\Lenovo\Desktop\car\IMG\left_2019_07_18_12_16_35_516.jpg,C:\Users\Lenovo\Desktop\car\IMG\right_2019_07_18_12_16_35_516.jpg,0,0,0,10.64576
C:\Users\Lenovo\Desktop\car\IMG\center_2019_07_18_12_16_35_627.jpg,C:\Users\Lenovo\Desktop\car\IMG\left_2019_07_18_12_16_35_627.jpg,C:\Users\Lenovo\Desktop\car\IMG\right_2019_07_18_12_16_35_627.jpg,-0.3,0,0,10.49998
C:\Users\Lenovo\Desktop\car\IMG\center_2019_07_18_12_16_35_741.jpg,C:\Users\Lenovo\Desktop\car\IMG\left_2019_07_18_12_16_35_741.jpg,C:\Users\Lenovo\Desktop\car\IMG\right_2019_07_18_12_16_35_741.jpg,-0.5500001,0,0,10.32535
C:\Users\Lenovo\Desktop\car\IMG\center_2019_07_18_12_16_35_857.jpg,C:\Users\Lenovo\Desktop\car\IMG\left_2019_07_18_12_16_35_857.jpg,C:\Users\Lenovo\Desktop\car\IMG\right_2019_07_18_12_16_35_857.jpg,-0.8500001,0,0,10.06056
C:\Users\Lenovo\Desktop\car\IMG\center_2019_07_18_12_16_35_982.jpg,C:\Users\Lenovo\Desktop\car\IMG\left_2019_07_18_12_16_35_982.jpg,C:\Users\Lenovo\Desktop\car\IMG\right_2019_07_18_12_16_35_982.jpg,0,0,0,9.72175
C:\Users\Lenovo\Desktop\car\IMG\center_2019_07_18_12_16_36_095.jpg,C:\Users\Lenovo\Desktop\car\IMG\left_2019_07_18_12_16_36_095.jpg,C:\Users\Lenovo\Desktop\car\IMG\right_2019_07_18_12_16_36_095.jpg,-0.15,0,0,9.559836
C:\Users\Lenovo\Desktop\car\IMG\center_2019_07_18_12_16_36_211.jpg,C:\Users\Lenovo\Desktop\car\IMG\left_2019_07_18_12_16_36_211.jpg,C:\Users\Lenovo\Desktop\car\IMG\right_2019_07_18_12_16_36_211.jpg,-0.45,0,0,9.403117
C:\Users\Lenovo\Desktop\car\IMG\center_2019_07_18_12_16_36_333.jpg,C:\Users\Lenovo\Desktop\car\IMG\left_2019_07_18_12_16_36_333.jpg,C:\Users\Lenovo\Desktop\car\IMG\right_2019_07_18_12_16_36_333.jpg,0,0,0,9.201262
C:\Users\Lenovo\Desktop\car\IMG\center_2019_07_18_12_16_36_449.jpg,C:\Users\Lenovo\Desktop\car\IMG\left_2019_07_18_12_16_36_449.jpg,C:\Users\Lenovo\Desktop\car\IMG\right_2019_07_18_12_16_36_449.jpg,0,0,0,9.082812
C:\Users\Lenovo\Desktop\car\IMG\center_2019_07_18_12_16_36_565.jpg,C:\Users\Lenovo\Desktop\car\IMG\left_2019_07_18_12_16_36_565.jpg,C:\Users\Lenovo\Desktop\car\IMG\right_2019_07_18_12_16_36_565.jpg,-0.1,0,0,8.989729
C:\Users\Lenovo\Desktop\car\IMG\center_2019_07_18_12_16_36_681.jpg,C:\Users\Lenovo\Desktop\car\IMG\left_2019_07_18_12_16_36_681.jpg,C:\Users\Lenovo\Desktop\car\IMG\right_2019_07_18_12_16_36_681.jpg,-0.4,0,0,8.838654
C:\Users\Lenovo\Desktop\car\IMG\center_2019_07_18_12_16_36_798.jpg,C:\Users\Lenovo\Desktop\car\IMG\left_2019_07_18_12_16_36_798.jpg,C:\Users\Lenovo\Desktop\car\IMG\right_2019_07_18_12_16_36_798.jpg,0,0,0,8.715829
C:\Users\Lenovo\Desktop\car\IMG\center_2019_07_18_12_16_36_913.jpg,C:\Users\Lenovo\Desktop\car\IMG\left_2019_07_18_12_16_36_913.jpg,C:\Users\Lenovo\Desktop\car\IMG\right_2019_07_18_12_16_36_913.jpg,0,0,0,8.61055
C:\Users\Lenovo\Desktop\car\IMG\center_2019_07_18_12_16_36_981.jpg,C:\Users\Lenovo\Desktop\car\IMG\left_2019_07_18_12_16_36_981.jpg,C:\Users\Lenovo\Desktop\car\IMG\right_2019_07_18_12_16_36_981.jpg,0,0,0,8.558583
C:\Users\Lenovo\Desktop\car\IMG\center_2019_07_18_12_16_37_094.jpg,C:\Users\Lenovo\Desktop\car\IMG\left_2019_07_18_12_16_37_094.jpg,C:\Users\Lenovo\Desktop\car\IMG\right_2019_07_18_12_16_37_094.jpg,0,0,0,8.455608
C:\Users\Lenovo\Desktop\car\IMG\center_2019_07_18_12_16_37_213.jpg,C:\Users\Lenovo\Desktop\car\IMG\left_2019_07_18_12_16_37_213.jpg,C:\Users\Lenovo\Desktop\car\IMG\right_2019_07_18_12_16_37_213.jpg,0,0,0,8.353877
C:\Users\Lenovo\Desktop\car\IMG\center_2019_07_18_12_16_37_331.jpg,C:\Users\Lenovo\Desktop\car\IMG\left_2019_07_18_12_16_37_331.jpg,C:\Users\Lenovo\Desktop\car\IMG\right_2019_07_18_12_16_37_331.jpg,0,0,0,8.253367
C:\Users\Lenovo\Desktop\car\IMG\center_2019_07_18_12_16_37_446.jpg,C:\Users\Lenovo\Desktop\car\IMG\left_2019_07_18_12_16_37_446.jpg,C:\Users\Lenovo\Desktop\car\IMG\right_2019_07_18_12_16_37_446.jpg,0,0.3465732,0,8.507012
C:\Users\Lenovo\Desktop\car\IMG\center_2019_07_18_12_16_37_562.jpg,C:\Users\Lenovo\Desktop\car\IMG\left_2019_07_18_12_16_37_562.jpg,C:\Users\Lenovo\Desktop\car\IMG\right_2019_07_18_12_16_37_562.jpg,0,0.6922641,0,9.150918
C:\Users\Lenovo\Desktop\car\IMG\center_2019_07_18_12_16_37_678.jpg,C:\Users\Lenovo\Desktop\car\IMG\left_2019_07_18_12_16_37_678.jpg,C:\Users\Lenovo\Desktop\car\IMG\right_2019_07_18_12_16_37_678.jpg,0,1,0,10.36803
C:\Users\Lenovo\Desktop\car\IMG\center_2019_07_18_12_16_37_792.jpg,C:\Users\Lenovo\Desktop\car\IMG\left_2019_07_18_12_16_37_792.jpg,C:\Users\Lenovo\Desktop\car\IMG\right_2019_07_18_12_16_37_792.jpg,0,1,0,11.52472
C:\Users\Lenovo\Desktop\car\IMG\center_2019_07_18_12_16_37_929.jpg,C:\Users\Lenovo\Desktop\car\IMG\left_2019_07_18_12_16_37_929.jpg,C:\Users\Lenovo\Desktop\car\IMG\right_2019_07_18_12_16_37_929.jpg,0,1,0,13.02649
C:\Users\Lenovo\Desktop\car\IMG\center_2019_07_18_12_16_38_026.jpg,C:\Users\Lenovo\Desktop\car\IMG\left_2019_07_18_12_16_38_026.jpg,C:\Users\Lenovo\Desktop\car\IMG\right_2019_07_18_12_16_38_026.jpg,0,1,0,14.21742
C:\Users\Lenovo\Desktop\car\IMG\center_2019_07_18_12_16_38_140.jpg,C:\Users\Lenovo\Desktop\car\IMG\left_2019_07_18_12_16_38_140.jpg,C:\Users\Lenovo\Desktop\car\IMG\right_2019_07_18_12_16_38_140.jpg,0,1,0,15.48212
C:\Users\Lenovo\Desktop\car\IMG\center_2019_07_18_12_16_38_260.jpg,C:\Users\Lenovo\Desktop\car\IMG\left_2019_07_18_12_16_38_260.jpg,C:\Users\Lenovo\Desktop\car\IMG\right_2019_07_18_12_16_38_260.jpg,0,0.8134278,0,16.62085
C:\Users\Lenovo\Desktop\car\IMG\center_2019_07_18_12_16_38_371.jpg,C:\Users\Lenovo\Desktop\car\IMG\left_2019_07_18_12_16_38_371.jpg,C:\Users\Lenovo\Desktop\car\IMG\right_2019_07_18_12_16_38_371.jpg,0,0.4797698,0,17.32321
C:\Users\Lenovo\Desktop\car\IMG\center_2019_07_18_12_16_38_487.jpg,C:\Users\Lenovo\Desktop\car\IMG\left_2019_07_18_12_16_38_487.jpg,C:\Users\Lenovo\Desktop\car\IMG\right_2019_07_18_12_16_38_487.jpg,0,0.1330609,0,17.51648
C:\Users\Lenovo\Desktop\car\IMG\center_2019_07_18_12_16_38_603.jpg,C:\Users\Lenovo\Desktop\car\IMG\left_2019_07_18_12_16_38_603.jpg,C:\Users\Lenovo\Desktop\car\IMG\right_2019_07_18_12_16_38_603.jpg,-0.25,0,0,16.8325
C:\Users\Lenovo\Desktop\car\IMG\center_2019_07_18_12_16_38_721.jpg,C:\Users\Lenovo\Desktop\car\IMG\left_2019_07_18_12_16_38_721.jpg,C:\Users\Lenovo\Desktop\car\IMG\right_2019_07_18_12_16_38_721.jpg,-0.5500001,0,0,16.51289
C:\Users\Lenovo\Desktop\car\IMG\center_2019_07_18_12_16_38_837.jpg,C:\Users\Lenovo\Desktop\car\IMG\left_2019_07_18_12_16_38_837.jpg,C:\Users\Lenovo\Desktop\car\IMG\right_2019_07_18_12_16_38_837.jpg,-0.8500001,0,0,16.09202
C:\Users\Lenovo\Desktop\car\IMG\center_2019_07_18_12_16_38_987.jpg,C:\Users\Lenovo\Desktop\car\IMG\left_2019_07_18_12_16_38_987.jpg,C:\Users\Lenovo\Desktop\car\IMG\right_2019_07_18_12_16_38_987.jpg,0,0,0,16.25658
C:\Users\Lenovo\Desktop\car\IMG\center_2019_07_18_12_16_39_122.jpg,C:\Users\Lenovo\Desktop\car\IMG\left_2019_07_18_12_16_39_122.jpg,C:\Users\Lenovo\Desktop\car\IMG\right_2019_07_18_12_16_39_122.jpg,0,0,0,16.07124
C:\Users\Lenovo\Desktop\car\IMG\center_2019_07_18_12_16_39_221.jpg,C:\Users\Lenovo\Desktop\car\IMG\left_2019_07_18_12_16_39_221.jpg,C:\Users\Lenovo\Desktop\car\IMG\right_2019_07_18_12_16_39_221.jpg,0,0,0,15.37444
C:\Users\Lenovo\Desktop\car\IMG\center_2019_07_18_12_16_39_335.jpg,C:\Users\Lenovo\Desktop\car\IMG\left_2019_07_18_12_16_39_335.jpg,C:\Users\Lenovo\Desktop\car\IMG\right_2019_07_18_12_16_39_335.jpg,0,0,0,15.18876
C:\Users\Lenovo\Desktop\car\IMG\center_2019_07_18_12_16_39_452.jpg,C:\Users\Lenovo\Desktop\car\IMG\left_2019_07_18_12_16_39_452.jpg,C:\Users\Lenovo\Desktop\car\IMG\right_2019_07_18_12_16_39_452.jpg,0,0,0,15.0242
C:\Users\Lenovo\Desktop\car\IMG\center_2019_07_18_12_16_39_567.jpg,C:\Users\Lenovo\Desktop\car\IMG\left_2019_07_18_12_16_39_567.jpg,C:\Users\Lenovo\Desktop\car\IMG\right_2019_07_18_12_16_39_567.jpg,0,0,0,14.84273
C:\Users\Lenovo\Desktop\car\IMG\center_2019_07_18_12_16_39_683.jpg,C:\Users\Lenovo\Desktop\car\IMG\left_2019_07_18_12_16_39_683.jpg,C:\Users\Lenovo\Desktop\car\IMG\right_2019_07_18_12_16_39_683.jpg,0,0,0,14.66163
C:\Users\Lenovo\Desktop\car\IMG\center_2019_07_18_12_16_39_801.jpg,C:\Users\Lenovo\Desktop\car\IMG\left_2019_07_18_12_16_39_801.jpg,C:\Users\Lenovo\Desktop\car\IMG\right_2019_07_18_12_16_39_801.jpg,0,0,0,15.02576
C:\Users\Lenovo\Desktop\car\IMG\center_2019_07_18_12_16_39_911.jpg,C:\Users\Lenovo\Desktop\car\IMG\left_2019_07_18_12_16_39_911.jpg,C:\Users\Lenovo\Desktop\car\IMG\right_2019_07_18_12_16_39_911.jpg,0,0.1732235,0,14.89878
C:\Users\Lenovo\Desktop\car\IMG\center_2019_07_18_12_16_40_018.jpg,C:\Users\Lenovo\Desktop\car\IMG\left_2019_07_18_12_16_40_018.jpg,C:\Users\Lenovo\Desktop\car\IMG\right_2019_07_18_12_16_40_018.jpg,0,0.5261344,0,15.24444
C:\Users\Lenovo\Desktop\car\IMG\center_2019_07_18_12_16_40_154.jpg,C:\Users\Lenovo\Desktop\car\IMG\left_2019_07_18_12_16_40_154.jpg,C:\Users\Lenovo\Desktop\car\IMG\right_2019_07_18_12_16_40_154.jpg,0,0.880147,0,16.14753
C:\Users\Lenovo\Desktop\car\IMG\center_2019_07_18_12_16_40_251.jpg,C:\Users\Lenovo\Desktop\car\IMG\left_2019_07_18_12_16_40_251.jpg,C:\Users\Lenovo\Desktop\car\IMG\right_2019_07_18_12_16_40_251.jpg,0,1,0,17.38788
C:\Users\Lenovo\Desktop\car\IMG\center_2019_07_18_12_16_40_375.jpg,C:\Users\Lenovo\Desktop\car\IMG\left_2019_07_18_12_16_40_375.jpg,C:\Users\Lenovo\Desktop\car\IMG\right_2019_07_18_12_16_40_375.jpg,0,0.8058869,0,18.51972
C:\Users\Lenovo\Desktop\car\IMG\center_2019_07_18_12_16_40_489.jpg,C:\Users\Lenovo\Desktop\car\IMG\left_2019_07_18_12_16_40_489.jpg,C:\Users\Lenovo\Desktop\car\IMG\right_2019_07_18_12_16_40_489.jpg,0,0.4631938,0,19.15967
C:\Users\Lenovo\Desktop\car\IMG\center_2019_07_18_12_16_40_607.jpg,C:\Users\Lenovo\Desktop\car\IMG\left_2019_07_18_12_16_40_607.jpg,C:\Users\Lenovo\Desktop\car\IMG\right_2019_07_18_12_16_40_607.jpg,0,0.1121935,0,19.2923
C:\Users\Lenovo\Desktop\car\IMG\center_2019_07_18_12_16_40_720.jpg,C:\Users\Lenovo\Desktop\car\IMG\left_2019_07_18_12_16_40_720.jpg,C:\Users\Lenovo\Desktop\car\IMG\right_2019_07_18_12_16_40_720.jpg,0,0,0,18.72945
C:\Users\Lenovo\Desktop\car\IMG\center_2019_07_18_12_16_40_837.jpg,C:\Users\Lenovo\Desktop\car\IMG\left_2019_07_18_12_16_40_837.jpg,C:\Users\Lenovo\Desktop\car\IMG\right_2019_07_18_12_16_40_837.jpg,0,0.3502024,0,18.89239
C:\Users\Lenovo\Desktop\car\IMG\center_2019_07_18_12_16_40_965.jpg,C:\Users\Lenovo\Desktop\car\IMG\left_2019_07_18_12_16_40_965.jpg,C:\Users\Lenovo\Desktop\car\IMG\right_2019_07_18_12_16_40_965.jpg,0,0.7330201,0,19.60898
C:\Users\Lenovo\Desktop\car\IMG\center_2019_07_18_12_16_41_080.jpg,C:\Users\Lenovo\Desktop\car\IMG\left_2019_07_18_12_16_41_080.jpg,C:\Users\Lenovo\Desktop\car\IMG\right_2019_07_18_12_16_41_080.jpg,0,0.7154756,0,20.6012
C:\Users\Lenovo\Desktop\car\IMG\center_2019_07_18_12_16_41_197.jpg,C:\Users\Lenovo\Desktop\car\IMG\left_2019_07_18_12_16_41_197.jpg,C:\Users\Lenovo\Desktop\car\IMG\right_2019_07_18_12_16_41_197.jpg,0,0.7187498,0,21.24022
C:\Users\Lenovo\Desktop\car\IMG\center_2019_07_18_12_16_41_320.jpg,C:\Users\Lenovo\Desktop\car\IMG\left_2019_07_18_12_16_41_320.jpg,C:\Users\Lenovo\Desktop\car\IMG\right_2019_07_18_12_16_41_320.jpg,0,0.7080721,0,22.20557
C:\Users\Lenovo\Desktop\car\IMG\center_2019_07_18_12_16_41_439.jpg,C:\Users\Lenovo\Desktop\car\IMG\left_2019_07_18_12_16_41_439.jpg,C:\Users\Lenovo\Desktop\car\IMG\right_2019_07_18_12_16_41_439.jpg,0,0.3495744,0,22.63132
C:\Users\Lenovo\Desktop\car\IMG\center_2019_07_18_12_16_41_555.jpg,C:\Users\Lenovo\Desktop\car\IMG\left_2019_07_18_12_16_41_555.jpg,C:\Users\Lenovo\Desktop\car\IMG\right_2019_07_18_12_16_41_555.jpg,0,0.3490871,0,22.72462
C:\Users\Lenovo\Desktop\car\IMG\center_2019_07_18_12_16_41_674.jpg,C:\Users\Lenovo\Desktop\car\IMG\left_2019_07_18_12_16_41_674.jpg,C:\Users\Lenovo\Desktop\car\IMG\right_2019_07_18_12_16_41_674.jpg,0,0.7061828,0,23.31065
C:\Users\Lenovo\Desktop\car\IMG\center_2019_07_18_12_16_41_794.jpg,C:\Users\Lenovo\Desktop\car\IMG\left_2019_07_18_12_16_41_794.jpg,C:\Users\Lenovo\Desktop\car\IMG\right_2019_07_18_12_16_41_794.jpg,0,0.3440073,0,23.72622
C:\Users\Lenovo\Desktop\car\IMG\center_2019_07_18_12_16_41_917.jpg,C:\Users\Lenovo\Desktop\car\IMG\left_2019_07_18_12_16_41_917.jpg,C:\Users\Lenovo\Desktop\car\IMG\right_2019_07_18_12_16_41_917.jpg,0,0,0,23.61481
C:\Users\Lenovo\Desktop\car\IMG\center_2019_07_18_12_16_41_990.jpg,C:\Users\Lenovo\Desktop\car\IMG\left_2019_07_18_12_16_41_990.jpg,C:\Users\Lenovo\Desktop\car\IMG\right_2019_07_18_12_16_41_990.jpg,0,0.2194844,0,23.61741
C:\Users\Lenovo\Desktop\car\IMG\center_2019_07_18_12_16_42_105.jpg,C:\Users\Lenovo\Desktop\car\IMG\left_2019_07_18_12_16_42_105.jpg,C:\Users\Lenovo\Desktop\car\IMG\right_2019_07_18_12_16_42_105.jpg,0,0.2101045,0,23.73265
C:\Users\Lenovo\Desktop\car\IMG\center_2019_07_18_12_16_42_227.jpg,C:\Users\Lenovo\Desktop\car\IMG\left_2019_07_18_12_16_42_227.jpg,C:\Users\Lenovo\Desktop\car\IMG\right_2019_07_18_12_16_42_227.jpg,0,0,0,23.50308
C:\Users\Lenovo\Desktop\car\IMG\center_2019_07_18_12_16_42_298.jpg,C:\Users\Lenovo\Desktop\car\IMG\left_2019_07_18_12_16_42_298.jpg,C:\Users\Lenovo\Desktop\car\IMG\right_2019_07_18_12_16_42_298.jpg,0,0,0,23.33135
C:\Users\Lenovo\Desktop\car\IMG\center_2019_07_18_12_16_42_426.jpg,C:\Users\Lenovo\Desktop\car\IMG\left_2019_07_18_12_16_42_426.jpg,C:\Users\Lenovo\Desktop\car\IMG\right_2019_07_18_12_16_42_426.jpg,-0.3,0,0,23.00934
C:\Users\Lenovo\Desktop\car\IMG\center_2019_07_18_12_16_42_547.jpg,C:\Users\Lenovo\Desktop\car\IMG\left_2019_07_18_12_16_42_547.jpg,C:\Users\Lenovo\Desktop\car\IMG\right_2019_07_18_12_16_42_547.jpg,-0.6500001,0,0,22.44738
C:\Users\Lenovo\Desktop\car\IMG\center_2019_07_18_12_16_42_669.jpg,C:\Users\Lenovo\Desktop\car\IMG\left_2019_07_18_12_16_42_669.jpg,C:\Users\Lenovo\Desktop\car\IMG\right_2019_07_18_12_16_42_669.jpg,0,0,0,21.94703
C:\Users\Lenovo\Desktop\car\IMG\center_2019_07_18_12_16_42_790.jpg,C:\Users\Lenovo\Desktop\car\IMG\left_2019_07_18_12_16_42_790.jpg,C:\Users\Lenovo\Desktop\car\IMG\right_2019_07_18_12_16_42_790.jpg,0,0,0,21.6779
C:\Users\Lenovo\Desktop\car\IMG\center_2019_07_18_12_16_42_911.jpg,C:\Users\Lenovo\Desktop\car\IMG\left_2019_07_18_12_16_42_911.jpg,C:\Users\Lenovo\Desktop\car\IMG\right_2019_07_18_12_16_42_911.jpg,-0.15,0,0,21.43214
C:\Users\Lenovo\Desktop\car\IMG\center_2019_07_18_12_16_42_979.jpg,C:\Users\Lenovo\Desktop\car\IMG\left_2019_07_18_12_16_42_979.jpg,C:\Users\Lenovo\Desktop\car\IMG\right_2019_07_18_12_16_42_979.jpg,-0.3,0,0,21.11988
C:\Users\Lenovo\Desktop\car\IMG\center_2019_07_18_12_16_43_049.jpg,C:\Users\Lenovo\Desktop\car\IMG\left_2019_07_18_12_16_43_049.jpg,C:\Users\Lenovo\Desktop\car\IMG\right_2019_07_18_12_16_43_049.jpg,0,0,0,20.93434
C:\Users\Lenovo\Desktop\car\IMG\center_2019_07_18_12_16_43_122.jpg,C:\Users\Lenovo\Desktop\car\IMG\left_2019_07_18_12_16_43_122.jpg,C:\Users\Lenovo\Desktop\car\IMG\right_2019_07_18_12_16_43_122.jpg,0,0,0,20.97589
C:\Users\Lenovo\Desktop\car\IMG\center_2019_07_18_12_16_43_234.jpg,C:\Users\Lenovo\Desktop\car\IMG\left_2019_07_18_12_16_43_234.jpg,C:\Users\Lenovo\Desktop\car\IMG\right_2019_07_18_12_16_43_234.jpg,0,0,0,20.7403
C:\Users\Lenovo\Desktop\car\IMG\center_2019_07_18_12_16_43_358.jpg,C:\Users\Lenovo\Desktop\car\IMG\left_2019_07_18_12_16_43_358.jpg,C:\Users\Lenovo\Desktop\car\IMG\right_2019_07_18_12_16_43_358.jpg,0,0,0,20.53194
C:\Users\Lenovo\Desktop\car\IMG\center_2019_07_18_12_16_43_475.jpg,C:\Users\Lenovo\Desktop\car\IMG\left_2019_07_18_12_16_43_475.jpg,C:\Users\Lenovo\Desktop\car\IMG\right_2019_07_18_12_16_43_475.jpg,0,0,0,20.29222
C:\Users\Lenovo\Desktop\car\IMG\center_2019_07_18_12_16_43_593.jpg,C:\Users\Lenovo\Desktop\car\IMG\left_2019_07_18_12_16_43_593.jpg,C:\Users\Lenovo\Desktop\car\IMG\right_2019_07_18_12_16_43_593.jpg,0,0,0,20.05528
C:\Users\Lenovo\Desktop\car\IMG\center_2019_07_18_12_16_43_710.jpg,C:\Users\Lenovo\Desktop\car\IMG\left_2019_07_18_12_16_43_710.jpg,C:\Users\Lenovo\Desktop\car\IMG\right_2019_07_18_12_16_43_710.jpg,0,0,0,19.82333
C:\Users\Lenovo\Desktop\car\IMG\center_2019_07_18_12_16_43_840.jpg,C:\Users\Lenovo\Desktop\car\IMG\left_2019_07_18_12_16_43_840.jpg,C:\Users\Lenovo\Desktop\car\IMG\right_2019_07_18_12_16_43_840.jpg,0,0,0,19.59819
C:\Users\Lenovo\Desktop\car\IMG\center_2019_07_18_12_16_43_972.jpg,C:\Users\Lenovo\Desktop\car\IMG\left_2019_07_18_12_16_43_972.jpg,C:\Users\Lenovo\Desktop\car\IMG\right_2019_07_18_12_16_43_972.jpg,0,0,0,18.90008
C:\Users\Lenovo\Desktop\car\IMG\center_2019_07_18_12_16_44_040.jpg,C:\Users\Lenovo\Desktop\car\IMG\left_2019_07_18_12_16_44_040.jpg,C:\Users\Lenovo\Desktop\car\IMG\right_2019_07_18_12_16_44_040.jpg,0,0,0,19.23209
C:\Users\Lenovo\Desktop\car\IMG\center_2019_07_18_12_16_44_154.jpg,C:\Users\Lenovo\Desktop\car\IMG\left_2019_07_18_12_16_44_154.jpg,C:\Users\Lenovo\Desktop\car\IMG\right_2019_07_18_12_16_44_154.jpg,0,0,0,19.00897
C:\Users\Lenovo\Desktop\car\IMG\center_2019_07_18_12_16_44_260.jpg,C:\Users\Lenovo\Desktop\car\IMG\left_2019_07_18_12_16_44_260.jpg,C:\Users\Lenovo\Desktop\car\IMG\right_2019_07_18_12_16_44_260.jpg,0,0.3203835,0,18.66858
C:\Users\Lenovo\Desktop\car\IMG\center_2019_07_18_12_16_44_375.jpg,C:\Users\Lenovo\Desktop\car\IMG\left_2019_07_18_12_16_44_375.jpg,C:\Users\Lenovo\Desktop\car\IMG\right_2019_07_18_12_16_44_375.jpg,0,0,0,18.53756
C:\Users\Lenovo\Desktop\car\IMG\center_2019_07_18_12_16_44_495.jpg,C:\Users\Lenovo\Desktop\car\IMG\left_2019_07_18_12_16_44_495.jpg,C:\Users\Lenovo\Desktop\car\IMG\right_2019_07_18_12_16_44_495.jpg,0,0,0,18.28713
C:\Users\Lenovo\Desktop\car\IMG\center_2019_07_18_12_16_44_607.jpg,C:\Users\Lenovo\Desktop\car\IMG\left_2019_07_18_12_16_44_607.jpg,C:\Users\Lenovo\Desktop\car\IMG\right_2019_07_18_12_16_44_607.jpg,0,0.3383368,0,18.46847
C:\Users\Lenovo\Desktop\car\IMG\center_2019_07_18_12_16_44_722.jpg,C:\Users\Lenovo\Desktop\car\IMG\left_2019_07_18_12_16_44_722.jpg,C:\Users\Lenovo\Desktop\car\IMG\right_2019_07_18_12_16_44_722.jpg,0,0.3426615,0,19.15781
C:\Users\Lenovo\Desktop\car\IMG\center_2019_07_18_12_16_44_841.jpg,C:\Users\Lenovo\Desktop\car\IMG\left_2019_07_18_12_16_44_841.jpg,C:\Users\Lenovo\Desktop\car\IMG\right_2019_07_18_12_16_44_841.jpg,0,0,0,19.12897
C:\Users\Lenovo\Desktop\car\IMG\center_2019_07_18_12_16_44_958.jpg,C:\Users\Lenovo\Desktop\car\IMG\left_2019_07_18_12_16_44_958.jpg,C:\Users\Lenovo\Desktop\car\IMG\right_2019_07_18_12_16_44_958.jpg,0,0.3517802,0,19.21007
C:\Users\Lenovo\Desktop\car\IMG\center_2019_07_18_12_16_45_069.jpg,C:\Users\Lenovo\Desktop\car\IMG\left_2019_07_18_12_16_45_069.jpg,C:\Users\Lenovo\Desktop\car\IMG\right_2019_07_18_12_16_45_069.jpg,0,0.6887313,0,19.77247
C:\Users\Lenovo\Desktop\car\IMG\center_2019_07_18_12_16_45_187.jpg,C:\Users\Lenovo\Desktop\car\IMG\left_2019_07_18_12_16_45_187.jpg,C:\Users\Lenovo\Desktop\car\IMG\right_2019_07_18_12_16_45_187.jpg,0,0.3366225,0,20.21831
C:\Users\Lenovo\Desktop\car\IMG\center_2019_07_18_12_16_45_304.jpg,C:\Users\Lenovo\Desktop\car\IMG\left_2019_07_18_12_16_45_304.jpg,C:\Users\Lenovo\Desktop\car\IMG\right_2019_07_18_12_16_45_304.jpg,0,0.6873403,0,20.46904
C:\Users\Lenovo\Desktop\car\IMG\center_2019_07_18_12_16_45_422.jpg,C:\Users\Lenovo\Desktop\car\IMG\left_2019_07_18_12_16_45_422.jpg,C:\Users\Lenovo\Desktop\car\IMG\right_2019_07_18_12_16_45_422.jpg,0,1,0,21.58037
C:\Users\Lenovo\Desktop\car\IMG\center_2019_07_18_12_16_45_532.jpg,C:\Users\Lenovo\Desktop\car\IMG\left_2019_07_18_12_16_45_532.jpg,C:\Users\Lenovo\Desktop\car\IMG\right_2019_07_18_12_16_45_532.jpg,0,0.6655416,0,22.48259
C:\Users\Lenovo\Desktop\car\IMG\center_2019_07_18_12_16_45_650.jpg,C:\Users\Lenovo\Desktop\car\IMG\left_2019_07_18_12_16_45_650.jpg,C:\Users\Lenovo\Desktop\car\IMG\right_2019_07_18_12_16_45_650.jpg,0,1,0,23.50855
C:\Users\Lenovo\Desktop\car\IMG\center_2019_07_18_12_16_45_765.jpg,C:\Users\Lenovo\Desktop\car\IMG\left_2019_07_18_12_16_45_765.jpg,C:\Users\Lenovo\Desktop\car\IMG\right_2019_07_18_12_16_45_765.jpg,0,0.8259906,0,24.42488
C:\Users\Lenovo\Desktop\car\IMG\center_2019_07_18_12_16_45_880.jpg,C:\Users\Lenovo\Desktop\car\IMG\left_2019_07_18_12_16_45_880.jpg,C:\Users\Lenovo\Desktop\car\IMG\right_2019_07_18_12_16_45_880.jpg,0,1,0,25.56299
C:\Users\Lenovo\Desktop\car\IMG\center_2019_07_18_12_16_46_012.jpg,C:\Users\Lenovo\Desktop\car\IMG\left_2019_07_18_12_16_46_012.jpg,C:\Users\Lenovo\Desktop\car\IMG\right_2019_07_18_12_16_46_012.jpg,0,1,0,26.89198
C:\Users\Lenovo\Desktop\car\IMG\center_2019_07_18_12_16_46_080.jpg,C:\Users\Lenovo\Desktop\car\IMG\left_2019_07_18_12_16_46_080.jpg,C:\Users\Lenovo\Desktop\car\IMG\right_2019_07_18_12_16_46_080.jpg,0,0.7959387,0,27.34717
C:\Users\Lenovo\Desktop\car\IMG\center_2019_07_18_12_16_46_184.jpg,C:\Users\Lenovo\Desktop\car\IMG\left_2019_07_18_12_16_46_184.jpg,C:\Users\Lenovo\Desktop\car\IMG\right_2019_07_18_12_16_46_184.jpg,0,0.484895,0,27.79839
C:\Users\Lenovo\Desktop\car\IMG\center_2019_07_18_12_16_46_297.jpg,C:\Users\Lenovo\Desktop\car\IMG\left_2019_07_18_12_16_46_297.jpg,C:\Users\Lenovo\Desktop\car\IMG\right_2019_07_18_12_16_46_297.jpg,0,0.1457757,0,27.85374
C:\Users\Lenovo\Desktop\car\IMG\center_2019_07_18_12_16_46_413.jpg,C:\Users\Lenovo\Desktop\car\IMG\left_2019_07_18_12_16_46_413.jpg,C:\Users\Lenovo\Desktop\car\IMG\right_2019_07_18_12_16_46_413.jpg,0,0,0,27.54203
C:\Users\Lenovo\Desktop\car\IMG\center_2019_07_18_12_16_46_531.jpg,C:\Users\Lenovo\Desktop\car\IMG\left_2019_07_18_12_16_46_531.jpg,C:\Users\Lenovo\Desktop\car\IMG\right_2019_07_18_12_16_46_531.jpg,0,0,0,27.21276
C:\Users\Lenovo\Desktop\car\IMG\center_2019_07_18_12_16_46_651.jpg,C:\Users\Lenovo\Desktop\car\IMG\left_2019_07_18_12_16_46_651.jpg,C:\Users\Lenovo\Desktop\car\IMG\right_2019_07_18_12_16_46_651.jpg,0,0,0,26.88622
C:\Users\Lenovo\Desktop\car\IMG\center_2019_07_18_12_16_46_767.jpg,C:\Users\Lenovo\Desktop\car\IMG\left_2019_07_18_12_16_46_767.jpg,C:\Users\Lenovo\Desktop\car\IMG\right_2019_07_18_12_16_46_767.jpg,0,0,0,26.56348
C:\Users\Lenovo\Desktop\car\IMG\center_2019_07_18_12_16_46_886.jpg,C:\Users\Lenovo\Desktop\car\IMG\left_2019_07_18_12_16_46_886.jpg,C:\Users\Lenovo\Desktop\car\IMG\right_2019_07_18_12_16_46_886.jpg,0,0.1796482,0,26.34034
C:\Users\Lenovo\Desktop\car\IMG\center_2019_07_18_12_16_47_013.jpg,C:\Users\Lenovo\Desktop\car\IMG\left_2019_07_18_12_16_47_013.jpg,C:\Users\Lenovo\Desktop\car\IMG\right_2019_07_18_12_16_47_013.jpg,0,0.5613967,0,26.64776
C:\Users\Lenovo\Desktop\car\IMG\center_2019_07_18_12_16_47_126.jpg,C:\Users\Lenovo\Desktop\car\IMG\left_2019_07_18_12_16_47_126.jpg,C:\Users\Lenovo\Desktop\car\IMG\right_2019_07_18_12_16_47_126.jpg,0,0.2215144,0,26.83566
C:\Users\Lenovo\Desktop\car\IMG\center_2019_07_18_12_16_47_244.jpg,C:\Users\Lenovo\Desktop\car\IMG\left_2019_07_18_12_16_47_244.jpg,C:\Users\Lenovo\Desktop\car\IMG\right_2019_07_18_12_16_47_244.jpg,0,0,0,26.62285
C:\Users\Lenovo\Desktop\car\IMG\center_2019_07_18_12_16_47_365.jpg,C:\Users\Lenovo\Desktop\car\IMG\left_2019_07_18_12_16_47_365.jpg,C:\Users\Lenovo\Desktop\car\IMG\right_2019_07_18_12_16_47_365.jpg,-0.15,0,0,26.29168
C:\Users\Lenovo\Desktop\car\IMG\center_2019_07_18_12_16_47_481.jpg,C:\Users\Lenovo\Desktop\car\IMG\left_2019_07_18_12_16_47_481.jpg,C:\Users\Lenovo\Desktop\car\IMG\right_2019_07_18_12_16_47_481.jpg,0,0,0,25.92697
C:\Users\Lenovo\Desktop\car\IMG\center_2019_07_18_12_16_47_599.jpg,C:\Users\Lenovo\Desktop\car\IMG\left_2019_07_18_12_16_47_599.jpg,C:\Users\Lenovo\Desktop\car\IMG\right_2019_07_18_12_16_47_599.jpg,0,0,0,25.61348
C:\Users\Lenovo\Desktop\car\IMG\center_2019_07_18_12_16_47_720.jpg,C:\Users\Lenovo\Desktop\car\IMG\left_2019_07_18_12_16_47_720.jpg,C:\Users\Lenovo\Desktop\car\IMG\right_2019_07_18_12_16_47_720.jpg,-0.3,0,0,25.26155
C:\Users\Lenovo\Desktop\car\IMG\center_2019_07_18_12_16_47_840.jpg,C:\Users\Lenovo\Desktop\car\IMG\left_2019_07_18_12_16_47_840.jpg,C:\Users\Lenovo\Desktop\car\IMG\right_2019_07_18_12_16_47_840.jpg,0,0,0,24.95047
C:\Users\Lenovo\Desktop\car\IMG\center_2019_07_18_12_16_47_966.jpg,C:\Users\Lenovo\Desktop\car\IMG\left_2019_07_18_12_16_47_966.jpg,C:\Users\Lenovo\Desktop\car\IMG\right_2019_07_18_12_16_47_966.jpg,0,0,0,24.59431
C:\Users\Lenovo\Desktop\car\IMG\center_2019_07_18_12_16_48_082.jpg,C:\Users\Lenovo\Desktop\car\IMG\left_2019_07_18_12_16_48_082.jpg,C:\Users\Lenovo\Desktop\car\IMG\right_2019_07_18_12_16_48_082.jpg,-0.15,0,0,24.34082
C:\Users\Lenovo\Desktop\car\IMG\center_2019_07_18_12_16_48_201.jpg,C:\Users\Lenovo\Desktop\car\IMG\left_2019_07_18_12_16_48_201.jpg,C:\Users\Lenovo\Desktop\car\IMG\right_2019_07_18_12_16_48_201.jpg,0,0,0,24.00469
C:\Users\Lenovo\Desktop\car\IMG\center_2019_07_18_12_16_48_323.jpg,C:\Users\Lenovo\Desktop\car\IMG\left_2019_07_18_12_16_48_323.jpg,C:\Users\Lenovo\Desktop\car\IMG\right_2019_07_18_12_16_48_323.jpg,0,0,0,23.7142
C:\Users\Lenovo\Desktop\car\IMG\center_2019_07_18_12_16_48_438.jpg,C:\Users\Lenovo\Desktop\car\IMG\left_2019_07_18_12_16_48_438.jpg,C:\Users\Lenovo\Desktop\car\IMG\right_2019_07_18_12_16_48_438.jpg,-0.15,0,0,23.42182
C:\Users\Lenovo\Desktop\car\IMG\center_2019_07_18_12_16_48_557.jpg,C:\Users\Lenovo\Desktop\car\IMG\left_2019_07_18_12_16_48_557.jpg,C:\Users\Lenovo\Desktop\car\IMG\right_2019_07_18_12_16_48_557.jpg,-0.45,0,0,23.02458
C:\Users\Lenovo\Desktop\car\IMG\center_2019_07_18_12_16_48_675.jpg,C:\Users\Lenovo\Desktop\car\IMG\left_2019_07_18_12_16_48_675.jpg,C:\Users\Lenovo\Desktop\car\IMG\right_2019_07_18_12_16_48_675.jpg,-0.15,0,0,22.72954
C:\Users\Lenovo\Desktop\car\IMG\center_2019_07_18_12_16_48_800.jpg,C:\Users\Lenovo\Desktop\car\IMG\left_2019_07_18_12_16_48_800.jpg,C:\Users\Lenovo\Desktop\car\IMG\right_2019_07_18_12_16_48_800.jpg,0,0,0,22.4271
C:\Users\Lenovo\Desktop\car\IMG\center_2019_07_18_12_16_48_915.jpg,C:\Users\Lenovo\Desktop\car\IMG\left_2019_07_18_12_16_48_915.jpg,C:\Users\Lenovo\Desktop\car\IMG\right_2019_07_18_12_16_48_915.jpg,-0.15,0,0,22.15114
C:\Users\Lenovo\Desktop\car\IMG\center_2019_07_18_12_16_48_987.jpg,C:\Users\Lenovo\Desktop\car\IMG\left_2019_07_18_12_16_48_987.jpg,C:\Users\Lenovo\Desktop\car\IMG\right_2019_07_18_12_16_48_987.jpg,-0.35,0,0,21.92325
C:\Users\Lenovo\Desktop\car\IMG\center_2019_07_18_12_16_49_101.jpg,C:\Users\Lenovo\Desktop\car\IMG\left_2019_07_18_12_16_49_101.jpg,C:\Users\Lenovo\Desktop\car\IMG\right_2019_07_18_12_16_49_101.jpg,0,0,0,21.69172
C:\Users\Lenovo\Desktop\car\IMG\center_2019_07_18_12_16_49_219.jpg,C:\Users\Lenovo\Desktop\car\IMG\left_2019_07_18_12_16_49_219.jpg,C:\Users\Lenovo\Desktop\car\IMG\right_2019_07_18_12_16_49_219.jpg,0,0,0,21.42934
C:\Users\Lenovo\Desktop\car\IMG\center_2019_07_18_12_16_49_338.jpg,C:\Users\Lenovo\Desktop\car\IMG\left_2019_07_18_12_16_49_338.jpg,C:\Users\Lenovo\Desktop\car\IMG\right_2019_07_18_12_16_49_338.jpg,0,0,0,21.17133
C:\Users\Lenovo\Desktop\car\IMG\center_2019_07_18_12_16_49_467.jpg,C:\Users\Lenovo\Desktop\car\IMG\left_2019_07_18_12_16_49_467.jpg,C:\Users\Lenovo\Desktop\car\IMG\right_2019_07_18_12_16_49_467.jpg,0,0,0,20.87399
C:\Users\Lenovo\Desktop\car\IMG\center_2019_07_18_12_16_49_577.jpg,C:\Users\Lenovo\Desktop\car\IMG\left_2019_07_18_12_16_49_577.jpg,C:\Users\Lenovo\Desktop\car\IMG\right_2019_07_18_12_16_49_577.jpg,0,0,0,20.66478
C:\Users\Lenovo\Desktop\car\IMG\center_2019_07_18_12_16_49_696.jpg,C:\Users\Lenovo\Desktop\car\IMG\left_2019_07_18_12_16_49_696.jpg,C:\Users\Lenovo\Desktop\car\IMG\right_2019_07_18_12_16_49_696.jpg,0,0,0,20.41609
C:\Users\Lenovo\Desktop\car\IMG\center_2019_07_18_12_16_49_817.jpg,C:\Users\Lenovo\Desktop\car\IMG\left_2019_07_18_12_16_49_817.jpg,C:\Users\Lenovo\Desktop\car\IMG\right_2019_07_18_12_16_49_817.jpg,0,0,0,20.17045
C:\Users\Lenovo\Desktop\car\IMG\center_2019_07_18_12_16_49_944.jpg,C:\Users\Lenovo\Desktop\car\IMG\left_2019_07_18_12_16_49_944.jpg,C:\Users\Lenovo\Desktop\car\IMG\right_2019_07_18_12_16_49_944.jpg,0,0,0,19.92785
C:\Users\Lenovo\Desktop\car\IMG\center_2019_07_18_12_16_50_065.jpg,C:\Users\Lenovo\Desktop\car\IMG\left_2019_07_18_12_16_50_065.jpg,C:\Users\Lenovo\Desktop\car\IMG\right_2019_07_18_12_16_50_065.jpg,0,0,0,19.68834
C:\Users\Lenovo\Desktop\car\IMG\center_2019_07_18_12_16_50_184.jpg,C:\Users\Lenovo\Desktop\car\IMG\left_2019_07_18_12_16_50_184.jpg,C:\Users\Lenovo\Desktop\car\IMG\right_2019_07_18_12_16_50_184.jpg,0,0,0,19.45218
C:\Users\Lenovo\Desktop\car\IMG\center_2019_07_18_12_16_50_304.jpg,C:\Users\Lenovo\Desktop\car\IMG\left_2019_07_18_12_16_50_304.jpg,C:\Users\Lenovo\Desktop\car\IMG\right_2019_07_18_12_16_50_304.jpg,0,0,0,19.22051
C:\Users\Lenovo\Desktop\car\IMG\center_2019_07_18_12_16_50_424.jpg,C:\Users\Lenovo\Desktop\car\IMG\left_2019_07_18_12_16_50_424.jpg,C:\Users\Lenovo\Desktop\car\IMG\right_2019_07_18_12_16_50_424.jpg,0,0,0,19.00153
C:\Users\Lenovo\Desktop\car\IMG\center_2019_07_18_12_16_50_546.jpg,C:\Users\Lenovo\Desktop\car\IMG\left_2019_07_18_12_16_50_546.jpg,C:\Users\Lenovo\Desktop\car\IMG\right_2019_07_18_12_16_50_546.jpg,0,0,0,18.83342
C:\Users\Lenovo\Desktop\car\IMG\center_2019_07_18_12_16_50_667.jpg,C:\Users\Lenovo\Desktop\car\IMG\left_2019_07_18_12_16_50_667.jpg,C:\Users\Lenovo\Desktop\car\IMG\right_2019_07_18_12_16_50_667.jpg,0,0,0,18.28444
C:\Users\Lenovo\Desktop\car\IMG\center_2019_07_18_12_16_50_787.jpg,C:\Users\Lenovo\Desktop\car\IMG\left_2019_07_18_12_16_50_787.jpg,C:\Users\Lenovo\Desktop\car\IMG\right_2019_07_18_12_16_50_787.jpg,0,0,0,18.00901
C:\Users\Lenovo\Desktop\car\IMG\center_2019_07_18_12_16_50_908.jpg,C:\Users\Lenovo\Desktop\car\IMG\left_2019_07_18_12_16_50_908.jpg,C:\Users\Lenovo\Desktop\car\IMG\right_2019_07_18_12_16_50_908.jpg,0,0,0,17.75331
C:\Users\Lenovo\Desktop\car\IMG\center_2019_07_18_12_16_50_980.jpg,C:\Users\Lenovo\Desktop\car\IMG\left_2019_07_18_12_16_50_980.jpg,C:\Users\Lenovo\Desktop\car\IMG\right_2019_07_18_12_16_50_980.jpg,0,0,0,18.15567
C:\Users\Lenovo\Desktop\car\IMG\center_2019_07_18_12_16_51_101.jpg,C:\Users\Lenovo\Desktop\car\IMG\left_2019_07_18_12_16_51_101.jpg,C:\Users\Lenovo\Desktop\car\IMG\right_2019_07_18_12_16_51_101.jpg,0,0,0,17.94137
C:\Users\Lenovo\Desktop\car\IMG\center_2019_07_18_12_16_51_222.jpg,C:\Users\Lenovo\Desktop\car\IMG\left_2019_07_18_12_16_51_222.jpg,C:\Users\Lenovo\Desktop\car\IMG\right_2019_07_18_12_16_51_222.jpg,0,0,0,17.72945
C:\Users\Lenovo\Desktop\car\IMG\center_2019_07_18_12_16_51_343.jpg,C:\Users\Lenovo\Desktop\car\IMG\left_2019_07_18_12_16_51_343.jpg,C:\Users\Lenovo\Desktop\car\IMG\right_2019_07_18_12_16_51_343.jpg,0,0,0,17.51986
C:\Users\Lenovo\Desktop\car\IMG\center_2019_07_18_12_16_51_464.jpg,C:\Users\Lenovo\Desktop\car\IMG\left_2019_07_18_12_16_51_464.jpg,C:\Users\Lenovo\Desktop\car\IMG\right_2019_07_18_12_16_51_464.jpg,0,0,0,17.31275
C:\Users\Lenovo\Desktop\car\IMG\center_2019_07_18_12_16_51_588.jpg,C:\Users\Lenovo\Desktop\car\IMG\left_2019_07_18_12_16_51_588.jpg,C:\Users\Lenovo\Desktop\car\IMG\right_2019_07_18_12_16_51_588.jpg,0,0,0,16.53222
C:\Users\Lenovo\Desktop\car\IMG\center_2019_07_18_12_16_51_710.jpg,C:\Users\Lenovo\Desktop\car\IMG\left_2019_07_18_12_16_51_710.jpg,C:\Users\Lenovo\Desktop\car\IMG\right_2019_07_18_12_16_51_710.jpg,0,0,0,16.32738
C:\Users\Lenovo\Desktop\car\IMG\center_2019_07_18_12_16_51_845.jpg,C:\Users\Lenovo\Desktop\car\IMG\left_2019_07_18_12_16_51_845.jpg,C:\Users\Lenovo\Desktop\car\IMG\right_2019_07_18_12_16_51_845.jpg,0,0,0,16.12635
C:\Users\Lenovo\Desktop\car\IMG\center_2019_07_18_12_16_51_972.jpg,C:\Users\Lenovo\Desktop\car\IMG\left_2019_07_18_12_16_51_972.jpg,C:\Users\Lenovo\Desktop\car\IMG\right_2019_07_18_12_16_51_972.jpg,0,0,0,15.93016
C:\Users\Lenovo\Desktop\car\IMG\center_2019_07_18_12_16_52_090.jpg,C:\Users\Lenovo\Desktop\car\IMG\left_2019_07_18_12_16_52_090.jpg,C:\Users\Lenovo\Desktop\car\IMG\right_2019_07_18_12_16_52_090.jpg,0,0,0,15.74205
C:\Users\Lenovo\Desktop\car\IMG\center_2019_07_18_12_16_52_212.jpg,C:\Users\Lenovo\Desktop\car\IMG\left_2019_07_18_12_16_52_212.jpg,C:\Users\Lenovo\Desktop\car\IMG\right_2019_07_18_12_16_52_212.jpg,0,0,0,15.56819
C:\Users\Lenovo\Desktop\car\IMG\center_2019_07_18_12_16_52_338.jpg,C:\Users\Lenovo\Desktop\car\IMG\left_2019_07_18_12_16_52_338.jpg,C:\Users\Lenovo\Desktop\car\IMG\right_2019_07_18_12_16_52_338.jpg,0,0,0,15.39464
C:\Users\Lenovo\Desktop\car\IMG\center_2019_07_18_12_16_52_461.jpg,C:\Users\Lenovo\Desktop\car\IMG\left_2019_07_18_12_16_52_461.jpg,C:\Users\Lenovo\Desktop\car\IMG\right_2019_07_18_12_16_52_461.jpg,0,0,0,15.70402
C:\Users\Lenovo\Desktop\car\IMG\center_2019_07_18_12_16_52_582.jpg,C:\Users\Lenovo\Desktop\car\IMG\left_2019_07_18_12_16_52_582.jpg,C:\Users\Lenovo\Desktop\car\IMG\right_2019_07_18_12_16_52_582.jpg,0,0,0,15.51912
C:\Users\Lenovo\Desktop\car\IMG\center_2019_07_18_12_16_52_705.jpg,C:\Users\Lenovo\Desktop\car\IMG\left_2019_07_18_12_16_52_705.jpg,C:\Users\Lenovo\Desktop\car\IMG\right_2019_07_18_12_16_52_705.jpg,0,0,0,15.33619
C:\Users\Lenovo\Desktop\car\IMG\center_2019_07_18_12_16_52_831.jpg,C:\Users\Lenovo\Desktop\car\IMG\left_2019_07_18_12_16_52_831.jpg,C:\Users\Lenovo\Desktop\car\IMG\right_2019_07_18_12_16_52_831.jpg,0,0,0,15.15522
C:\Users\Lenovo\Desktop\car\IMG\center_2019_07_18_12_16_52_964.jpg,C:\Users\Lenovo\Desktop\car\IMG\left_2019_07_18_12_16_52_964.jpg,C:\Users\Lenovo\Desktop\car\IMG\right_2019_07_18_12_16_52_964.jpg,0,0,0,14.43511
C:\Users\Lenovo\Desktop\car\IMG\center_2019_07_18_12_16_53_086.jpg,C:\Users\Lenovo\Desktop\car\IMG\left_2019_07_18_12_16_53_086.jpg,C:\Users\Lenovo\Desktop\car\IMG\right_2019_07_18_12_16_53_086.jpg,0,0,0,14.26167
C:\Users\Lenovo\Desktop\car\IMG\center_2019_07_18_12_16_53_207.jpg,C:\Users\Lenovo\Desktop\car\IMG\left_2019_07_18_12_16_53_207.jpg,C:\Users\Lenovo\Desktop\car\IMG\right_2019_07_18_12_16_53_207.jpg,0,0,0,14.08762
C:\Users\Lenovo\Desktop\car\IMG\center_2019_07_18_12_16_53_333.jpg,C:\Users\Lenovo\Desktop\car\IMG\left_2019_07_18_12_16_53_333.jpg,C:\Users\Lenovo\Desktop\car\IMG\right_2019_07_18_12_16_53_333.jpg,0,0,0,13.93021
C:\Users\Lenovo\Desktop\car\IMG\center_2019_07_18_12_16_53_459.jpg,C:\Users\Lenovo\Desktop\car\IMG\left_2019_07_18_12_16_53_459.jpg,C:\Users\Lenovo\Desktop\car\IMG\right_2019_07_18_12_16_53_459.jpg,0,0,0,13.65904
C:\Users\Lenovo\Desktop\car\IMG\center_2019_07_18_12_16_53_585.jpg,C:\Users\Lenovo\Desktop\car\IMG\left_2019_07_18_12_16_53_585.jpg,C:\Users\Lenovo\Desktop\car\IMG\right_2019_07_18_12_16_53_585.jpg,0,0,0,14.05492
C:\Users\Lenovo\Desktop\car\IMG\center_2019_07_18_12_16_53_711.jpg,C:\Users\Lenovo\Desktop\car\IMG\left_2019_07_18_12_16_53_711.jpg,C:\Users\Lenovo\Desktop\car\IMG\right_2019_07_18_12_16_53_711.jpg,0,0,0,13.88651
C:\Users\Lenovo\Desktop\car\IMG\center_2019_07_18_12_16_53_836.jpg,C:\Users\Lenovo\Desktop\car\IMG\left_2019_07_18_12_16_53_836.jpg,C:\Users\Lenovo\Desktop\car\IMG\right_2019_07_18_12_16_53_836.jpg,0,0,0,13.65733
C:\Users\Lenovo\Desktop\car\IMG\center_2019_07_18_12_16_53_976.jpg,C:\Users\Lenovo\Desktop\car\IMG\left_2019_07_18_12_16_53_976.jpg,C:\Users\Lenovo\Desktop\car\IMG\right_2019_07_18_12_16_53_976.jpg,0,0.2306426,0,13.12858
C:\Users\Lenovo\Desktop\car\IMG\center_2019_07_18_12_16_54_093.jpg,C:\Users\Lenovo\Desktop\car\IMG\left_2019_07_18_12_16_54_093.jpg,C:\Users\Lenovo\Desktop\car\IMG\right_2019_07_18_12_16_54_093.jpg,0,0.5998018,0,14.03843
C:\Users\Lenovo\Desktop\car\IMG\center_2019_07_18_12_16_54_219.jpg,C:\Users\Lenovo\Desktop\car\IMG\left_2019_07_18_12_16_54_219.jpg,C:\Users\Lenovo\Desktop\car\IMG\right_2019_07_18_12_16_54_219.jpg,0,0.2163296,0,14.38753
C:\Users\Lenovo\Desktop\car\IMG\center_2019_07_18_12_16_54_346.jpg,C:\Users\Lenovo\Desktop\car\IMG\left_2019_07_18_12_16_54_346.jpg,C:\Users\Lenovo\Desktop\car\IMG\right_2019_07_18_12_16_54_346.jpg,0,0.2263699,0,14.50061
C:\Users\Lenovo\Desktop\car\IMG\center_2019_07_18_12_16_54_472.jpg,C:\Users\Lenovo\Desktop\car\IMG\left_2019_07_18_12_16_54_472.jpg,C:\Users\Lenovo\Desktop\car\IMG\right_2019_07_18_12_16_54_472.jpg,0,0.601669,0,15.00128
C:\Users\Lenovo\Desktop\car\IMG\center_2019_07_18_12_16_54_599.jpg,C:\Users\Lenovo\Desktop\car\IMG\left_2019_07_18_12_16_54_599.jpg,C:\Users\Lenovo\Desktop\car\IMG\right_2019_07_18_12_16_54_599.jpg,0,0.9732577,0,16.24569
C:\Users\Lenovo\Desktop\car\IMG\center_2019_07_18_12_16_54_713.jpg,C:\Users\Lenovo\Desktop\car\IMG\left_2019_07_18_12_16_54_713.jpg,C:\Users\Lenovo\Desktop\car\IMG\right_2019_07_18_12_16_54_713.jpg,0,0.5929607,0,17.13301
C:\Users\Lenovo\Desktop\car\IMG\center_2019_07_18_12_16_54_839.jpg,C:\Users\Lenovo\Desktop\car\IMG\left_2019_07_18_12_16_54_839.jpg,C:\Users\Lenovo\Desktop\car\IMG\right_2019_07_18_12_16_54_839.jpg,0,0.969265,0,18.14453
C:\Users\Lenovo\Desktop\car\IMG\center_2019_07_18_12_16_54_966.jpg,C:\Users\Lenovo\Desktop\car\IMG\left_2019_07_18_12_16_54_966.jpg,C:\Users\Lenovo\Desktop\car\IMG\right_2019_07_18_12_16_54_966.jpg,0,0.588834,0,18.84065
C:\Users\Lenovo\Desktop\car\IMG\center_2019_07_18_12_16_55_092.jpg,C:\Users\Lenovo\Desktop\car\IMG\left_2019_07_18_12_16_55_092.jpg,C:\Users\Lenovo\Desktop\car\IMG\right_2019_07_18_12_16_55_092.jpg,0,0.9658696,0,19.90192
C:\Users\Lenovo\Desktop\car\IMG\center_2019_07_18_12_16_55_216.jpg,C:\Users\Lenovo\Desktop\car\IMG\left_2019_07_18_12_16_55_216.jpg,C:\Users\Lenovo\Desktop\car\IMG\right_2019_07_18_12_16_55_216.jpg,0,0.5928993,0,20.72259
C:\Users\Lenovo\Desktop\car\IMG\center_2019_07_18_12_16_55_344.jpg,C:\Users\Lenovo\Desktop\car\IMG\left_2019_07_18_12_16_55_344.jpg,C:\Users\Lenovo\Desktop\car\IMG\right_2019_07_18_12_16_55_344.jpg,0,0.5903836,0,21.50223
C:\Users\Lenovo\Desktop\car\IMG\center_2019_07_18_12_16_55_470.jpg,C:\Users\Lenovo\Desktop\car\IMG\left_2019_07_18_12_16_55_470.jpg,C:\Users\Lenovo\Desktop\car\IMG\right_2019_07_18_12_16_55_470.jpg,0,0.5977095,0,22.08242
C:\Users\Lenovo\Desktop\car\IMG\center_2019_07_18_12_16_55_596.jpg,C:\Users\Lenovo\Desktop\car\IMG\left_2019_07_18_12_16_55_596.jpg,C:\Users\Lenovo\Desktop\car\IMG\right_2019_07_18_12_16_55_596.jpg,0,0.2203976,0,22.32839
C:\Users\Lenovo\Desktop\car\IMG\center_2019_07_18_12_16_55_721.jpg,C:\Users\Lenovo\Desktop\car\IMG\left_2019_07_18_12_16_55_721.jpg,C:\Users\Lenovo\Desktop\car\IMG\right_2019_07_18_12_16_55_721.jpg,0,0,0,22.09696
C:\Users\Lenovo\Desktop\car\IMG\center_2019_07_18_12_16_55_849.jpg,C:\Users\Lenovo\Desktop\car\IMG\left_2019_07_18_12_16_55_849.jpg,C:\Users\Lenovo\Desktop\car\IMG\right_2019_07_18_12_16_55_849.jpg,-0.2,0,0,21.74035
C:\Users\Lenovo\Desktop\car\IMG\center_2019_07_18_12_16_55_988.jpg,C:\Users\Lenovo\Desktop\car\IMG\left_2019_07_18_12_16_55_988.jpg,C:\Users\Lenovo\Desktop\car\IMG\right_2019_07_18_12_16_55_988.jpg,0,0,0,21.41413
C:\Users\Lenovo\Desktop\car\IMG\center_2019_07_18_12_16_56_114.jpg,C:\Users\Lenovo\Desktop\car\IMG\left_2019_07_18_12_16_56_114.jpg,C:\Users\Lenovo\Desktop\car\IMG\right_2019_07_18_12_16_56_114.jpg,0,0,0,21.18316
C:\Users\Lenovo\Desktop\car\IMG\center_2019_07_18_12_16_56_240.jpg,C:\Users\Lenovo\Desktop\car\IMG\left_2019_07_18_12_16_56_240.jpg,C:\Users\Lenovo\Desktop\car\IMG\right_2019_07_18_12_16_56_240.jpg,-0.3,0,0,20.92305
C:\Users\Lenovo\Desktop\car\IMG\center_2019_07_18_12_16_56_376.jpg,C:\Users\Lenovo\Desktop\car\IMG\left_2019_07_18_12_16_56_376.jpg,C:\Users\Lenovo\Desktop\car\IMG\right_2019_07_18_12_16_56_376.jpg,0,0,0,20.35702
C:\Users\Lenovo\Desktop\car\IMG\center_2019_07_18_12_16_56_491.jpg,C:\Users\Lenovo\Desktop\car\IMG\left_2019_07_18_12_16_56_491.jpg,C:\Users\Lenovo\Desktop\car\IMG\right_2019_07_18_12_16_56_491.jpg,0,0,0,20.10016
C:\Users\Lenovo\Desktop\car\IMG\center_2019_07_18_12_16_56_618.jpg,C:\Users\Lenovo\Desktop\car\IMG\left_2019_07_18_12_16_56_618.jpg,C:\Users\Lenovo\Desktop\car\IMG\right_2019_07_18_12_16_56_618.jpg,0,0,0,19.84739
C:\Users\Lenovo\Desktop\car\IMG\center_2019_07_18_12_16_56_742.jpg,C:\Users\Lenovo\Desktop\car\IMG\left_2019_07_18_12_16_56_742.jpg,C:\Users\Lenovo\Desktop\car\IMG\right_2019_07_18_12_16_56_742.jpg,0,0,0,19.59602
C:\Users\Lenovo\Desktop\car\IMG\center_2019_07_18_12_16_56_868.jpg,C:\Users\Lenovo\Desktop\car\IMG\left_2019_07_18_12_16_56_868.jpg,C:\Users\Lenovo\Desktop\car\IMG\right_2019_07_18_12_16_56_868.jpg,0,0,0,19.68765
C:\Users\Lenovo\Desktop\car\IMG\center_2019_07_18_12_16_57_004.jpg,C:\Users\Lenovo\Desktop\car\IMG\left_2019_07_18_12_16_57_004.jpg,C:\Users\Lenovo\Desktop\car\IMG\right_2019_07_18_12_16_57_004.jpg,0,0,0,19.46737
C:\Users\Lenovo\Desktop\car\IMG\center_2019_07_18_12_16_57_120.jpg,C:\Users\Lenovo\Desktop\car\IMG\left_2019_07_18_12_16_57_120.jpg,C:\Users\Lenovo\Desktop\car\IMG\right_2019_07_18_12_16_57_120.jpg,0,0,0,19.24865
C:\Users\Lenovo\Desktop\car\IMG\center_2019_07_18_12_16_57_246.jpg,C:\Users\Lenovo\Desktop\car\IMG\left_2019_07_18_12_16_57_246.jpg,C:\Users\Lenovo\Desktop\car\IMG\right_2019_07_18_12_16_57_246.jpg,0,0,0,18.50995
C:\Users\Lenovo\Desktop\car\IMG\center_2019_07_18_12_16_57_371.jpg,C:\Users\Lenovo\Desktop\car\IMG\left_2019_07_18_12_16_57_371.jpg,C:\Users\Lenovo\Desktop\car\IMG\right_2019_07_18_12_16_57_371.jpg,0,0,0,18.27575
C:\Users\Lenovo\Desktop\car\IMG\center_2019_07_18_12_16_57_499.jpg,C:\Users\Lenovo\Desktop\car\IMG\left_2019_07_18_12_16_57_499.jpg,C:\Users\Lenovo\Desktop\car\IMG\right_2019_07_18_12_16_57_499.jpg,-0.3,0,0,18.02289
C:\Users\Lenovo\Desktop\car\IMG\center_2019_07_18_12_16_57_626.jpg,C:\Users\Lenovo\Desktop\car\IMG\left_2019_07_18_12_16_57_626.jpg,C:\Users\Lenovo\Desktop\car\IMG\right_2019_07_18_12_16_57_626.jpg,0,0,0,18.17228
C:\Users\Lenovo\Desktop\car\IMG\center_2019_07_18_12_16_57_752.jpg,C:\Users\Lenovo\Desktop\car\IMG\left_2019_07_18_12_16_57_752.jpg,C:\Users\Lenovo\Desktop\car\IMG\right_2019_07_18_12_16_57_752.jpg,-0.3,0,0,17.92413
C:\Users\Lenovo\Desktop\car\IMG\center_2019_07_18_12_16_57_878.jpg,C:\Users\Lenovo\Desktop\car\IMG\left_2019_07_18_12_16_57_878.jpg,C:\Users\Lenovo\Desktop\car\IMG\right_2019_07_18_12_16_57_878.jpg,-0.6000001,0,0,17.55899
C:\Users\Lenovo\Desktop\car\IMG\center_2019_07_18_12_16_57_946.jpg,C:\Users\Lenovo\Desktop\car\IMG\left_2019_07_18_12_16_57_946.jpg,C:\Users\Lenovo\Desktop\car\IMG\right_2019_07_18_12_16_57_946.jpg,-0.7500002,0,0,16.88401
C:\Users\Lenovo\Desktop\car\IMG\center_2019_07_18_12_16_58_080.jpg,C:\Users\Lenovo\Desktop\car\IMG\left_2019_07_18_12_16_58_080.jpg,C:\Users\Lenovo\Desktop\car\IMG\right_2019_07_18_12_16_58_080.jpg,0,0,0,17.05657
C:\Users\Lenovo\Desktop\car\IMG\center_2019_07_18_12_16_58_200.jpg,C:\Users\Lenovo\Desktop\car\IMG\left_2019_07_18_12_16_58_200.jpg,C:\Users\Lenovo\Desktop\car\IMG\right_2019_07_18_12_16_58_200.jpg,0,0,0,16.85692
C:\Users\Lenovo\Desktop\car\IMG\center_2019_07_18_12_16_58_319.jpg,C:\Users\Lenovo\Desktop\car\IMG\left_2019_07_18_12_16_58_319.jpg,C:\Users\Lenovo\Desktop\car\IMG\right_2019_07_18_12_16_58_319.jpg,0,0,0,16.65667
C:\Users\Lenovo\Desktop\car\IMG\center_2019_07_18_12_16_58_437.jpg,C:\Users\Lenovo\Desktop\car\IMG\left_2019_07_18_12_16_58_437.jpg,C:\Users\Lenovo\Desktop\car\IMG\right_2019_07_18_12_16_58_437.jpg,0,0,0,16.46122
C:\Users\Lenovo\Desktop\car\IMG\center_2019_07_18_12_16_58_558.jpg,C:\Users\Lenovo\Desktop\car\IMG\left_2019_07_18_12_16_58_558.jpg,C:\Users\Lenovo\Desktop\car\IMG\right_2019_07_18_12_16_58_558.jpg,0,0,0,16.26959
C:\Users\Lenovo\Desktop\car\IMG\center_2019_07_18_12_16_58_678.jpg,C:\Users\Lenovo\Desktop\car\IMG\left_2019_07_18_12_16_58_678.jpg,C:\Users\Lenovo\Desktop\car\IMG\right_2019_07_18_12_16_58_678.jpg,0,0,0,15.57566
C:\Users\Lenovo\Desktop\car\IMG\center_2019_07_18_12_16_58_797.jpg,C:\Users\Lenovo\Desktop\car\IMG\left_2019_07_18_12_16_58_797.jpg,C:\Users\Lenovo\Desktop\car\IMG\right_2019_07_18_12_16_58_797.jpg,0,0,0,15.39274
C:\Users\Lenovo\Desktop\car\IMG\center_2019_07_18_12_16_58_928.jpg,C:\Users\Lenovo\Desktop\car\IMG\left_2019_07_18_12_16_58_928.jpg,C:\Users\Lenovo\Desktop\car\IMG\right_2019_07_18_12_16_58_928.jpg,0,0,0,15.70622
C:\Users\Lenovo\Desktop\car\IMG\center_2019_07_18_12_16_59_044.jpg,C:\Users\Lenovo\Desktop\car\IMG\left_2019_07_18_12_16_59_044.jpg,C:\Users\Lenovo\Desktop\car\IMG\right_2019_07_18_12_16_59_044.jpg,0,0,0,15.52215
C:\Users\Lenovo\Desktop\car\IMG\center_2019_07_18_12_16_59_160.jpg,C:\Users\Lenovo\Desktop\car\IMG\left_2019_07_18_12_16_59_160.jpg,C:\Users\Lenovo\Desktop\car\IMG\right_2019_07_18_12_16_59_160.jpg,0,0,0,15.33339
C:\Users\Lenovo\Desktop\car\IMG\center_2019_07_18_12_16_59_277.jpg,C:\Users\Lenovo\Desktop\car\IMG\left_2019_07_18_12_16_59_277.jpg,C:\Users\Lenovo\Desktop\car\IMG\right_2019_07_18_12_16_59_277.jpg,0.25,0,0,14.64345
C:\Users\Lenovo\Desktop\car\IMG\center_2019_07_18_12_16_59_395.jpg,C:\Users\Lenovo\Desktop\car\IMG\left_2019_07_18_12_16_59_395.jpg,C:\Users\Lenovo\Desktop\car\IMG\right_2019_07_18_12_16_59_395.jpg,0,0,0,14.46037
C:\Users\Lenovo\Desktop\car\IMG\center_2019_07_18_12_16_59_512.jpg,C:\Users\Lenovo\Desktop\car\IMG\left_2019_07_18_12_16_59_512.jpg,C:\Users\Lenovo\Desktop\car\IMG\right_2019_07_18_12_16_59_512.jpg,0.3,0,0,14.25071
C:\Users\Lenovo\Desktop\car\IMG\center_2019_07_18_12_16_59_628.jpg,C:\Users\Lenovo\Desktop\car\IMG\left_2019_07_18_12_16_59_628.jpg,C:\Users\Lenovo\Desktop\car\IMG\right_2019_07_18_12_16_59_628.jpg,0,0,0,14.06521
C:\Users\Lenovo\Desktop\car\IMG\center_2019_07_18_12_16_59_747.jpg,C:\Users\Lenovo\Desktop\car\IMG\left_2019_07_18_12_16_59_747.jpg,C:\Users\Lenovo\Desktop\car\IMG\right_2019_07_18_12_16_59_747.jpg,0,0,0,13.86911
C:\Users\Lenovo\Desktop\car\IMG\center_2019_07_18_12_16_59_866.jpg,C:\Users\Lenovo\Desktop\car\IMG\left_2019_07_18_12_16_59_866.jpg,C:\Users\Lenovo\Desktop\car\IMG\right_2019_07_18_12_16_59_866.jpg,0,0,0,13.67847
C:\Users\Lenovo\Desktop\car\IMG\center_2019_07_18_12_16_59_991.jpg,C:\Users\Lenovo\Desktop\car\IMG\left_2019_07_18_12_16_59_991.jpg,C:\Users\Lenovo\Desktop\car\IMG\right_2019_07_18_12_16_59_991.jpg,0.15,0,0,13.52307
C:\Users\Lenovo\Desktop\car\IMG\center_2019_07_18_12_17_00_112.jpg,C:\Users\Lenovo\Desktop\car\IMG\left_2019_07_18_12_17_00_112.jpg,C:\Users\Lenovo\Desktop\car\IMG\right_2019_07_18_12_17_00_112.jpg,0.45,0,0,13.30107
C:\Users\Lenovo\Desktop\car\IMG\center_2019_07_18_12_17_00_235.jpg,C:\Users\Lenovo\Desktop\car\IMG\left_2019_07_18_12_17_00_235.jpg,C:\Users\Lenovo\Desktop\car\IMG\right_2019_07_18_12_17_00_235.jpg,0,0,0,13.11079
C:\Users\Lenovo\Desktop\car\IMG\center_2019_07_18_12_17_00_359.jpg,C:\Users\Lenovo\Desktop\car\IMG\left_2019_07_18_12_17_00_359.jpg,C:\Users\Lenovo\Desktop\car\IMG\right_2019_07_18_12_17_00_359.jpg,0.3,0,0,12.87654
C:\Users\Lenovo\Desktop\car\IMG\center_2019_07_18_12_17_00_483.jpg,C:\Users\Lenovo\Desktop\car\IMG\left_2019_07_18_12_17_00_483.jpg,C:\Users\Lenovo\Desktop\car\IMG\right_2019_07_18_12_17_00_483.jpg,0,0,0,13.14763
C:\Users\Lenovo\Desktop\car\IMG\center_2019_07_18_12_17_00_605.jpg,C:\Users\Lenovo\Desktop\car\IMG\left_2019_07_18_12_17_00_605.jpg,C:\Users\Lenovo\Desktop\car\IMG\right_2019_07_18_12_17_00_605.jpg,0,0,0,13.04993
C:\Users\Lenovo\Desktop\car\IMG\center_2019_07_18_12_17_00_731.jpg,C:\Users\Lenovo\Desktop\car\IMG\left_2019_07_18_12_17_00_731.jpg,C:\Users\Lenovo\Desktop\car\IMG\right_2019_07_18_12_17_00_731.jpg,0,0,0,12.84453
C:\Users\Lenovo\Desktop\car\IMG\center_2019_07_18_12_17_00_854.jpg,C:\Users\Lenovo\Desktop\car\IMG\left_2019_07_18_12_17_00_854.jpg,C:\Users\Lenovo\Desktop\car\IMG\right_2019_07_18_12_17_00_854.jpg,0,0,0,12.6877
C:\Users\Lenovo\Desktop\car\IMG\center_2019_07_18_12_17_00_982.jpg,C:\Users\Lenovo\Desktop\car\IMG\left_2019_07_18_12_17_00_982.jpg,C:\Users\Lenovo\Desktop\car\IMG\right_2019_07_18_12_17_00_982.jpg,0,0.3894737,0,12.5729
C:\Users\Lenovo\Desktop\car\IMG\center_2019_07_18_12_17_01_108.jpg,C:\Users\Lenovo\Desktop\car\IMG\left_2019_07_18_12_17_01_108.jpg,C:\Users\Lenovo\Desktop\car\IMG\right_2019_07_18_12_17_01_108.jpg,0,0.0168346,0,12.64178
C:\Users\Lenovo\Desktop\car\IMG\center_2019_07_18_12_17_01_234.jpg,C:\Users\Lenovo\Desktop\car\IMG\left_2019_07_18_12_17_01_234.jpg,C:\Users\Lenovo\Desktop\car\IMG\right_2019_07_18_12_17_01_234.jpg,0,0.3891486,0,12.74548
C:\Users\Lenovo\Desktop\car\IMG\center_2019_07_18_12_17_01_361.jpg,C:\Users\Lenovo\Desktop\car\IMG\left_2019_07_18_12_17_01_361.jpg,C:\Users\Lenovo\Desktop\car\IMG\right_2019_07_18_12_17_01_361.jpg,0,0.3918546,0,13.52502
C:\Users\Lenovo\Desktop\car\IMG\center_2019_07_18_12_17_01_491.jpg,C:\Users\Lenovo\Desktop\car\IMG\left_2019_07_18_12_17_01_491.jpg,C:\Users\Lenovo\Desktop\car\IMG\right_2019_07_18_12_17_01_491.jpg,0,0.3830379,0,14.08502
C:\Users\Lenovo\Desktop\car\IMG\center_2019_07_18_12_17_01_613.jpg,C:\Users\Lenovo\Desktop\car\IMG\left_2019_07_18_12_17_01_613.jpg,C:\Users\Lenovo\Desktop\car\IMG\right_2019_07_18_12_17_01_613.jpg,0,0.004591003,0,14.2124
C:\Users\Lenovo\Desktop\car\IMG\center_2019_07_18_12_17_01_739.jpg,C:\Users\Lenovo\Desktop\car\IMG\left_2019_07_18_12_17_01_739.jpg,C:\Users\Lenovo\Desktop\car\IMG\right_2019_07_18_12_17_01_739.jpg,0,0.3838589,0,13.97853
C:\Users\Lenovo\Desktop\car\IMG\center_2019_07_18_12_17_01_866.jpg,C:\Users\Lenovo\Desktop\car\IMG\left_2019_07_18_12_17_01_866.jpg,C:\Users\Lenovo\Desktop\car\IMG\right_2019_07_18_12_17_01_866.jpg,0,0.3868601,0,14.5958
C:\Users\Lenovo\Desktop\car\IMG\center_2019_07_18_12_17_01_997.jpg,C:\Users\Lenovo\Desktop\car\IMG\left_2019_07_18_12_17_01_997.jpg,C:\Users\Lenovo\Desktop\car\IMG\right_2019_07_18_12_17_01_997.jpg,0,0,0,14.61314
C:\Users\Lenovo\Desktop\car\IMG\center_2019_07_18_12_17_02_123.jpg,C:\Users\Lenovo\Desktop\car\IMG\left_2019_07_18_12_17_02_123.jpg,C:\Users\Lenovo\Desktop\car\IMG\right_2019_07_18_12_17_02_123.jpg,0,0,0,14.673
C:\Users\Lenovo\Desktop\car\IMG\center_2019_07_18_12_17_02_248.jpg,C:\Users\Lenovo\Desktop\car\IMG\left_2019_07_18_12_17_02_248.jpg,C:\Users\Lenovo\Desktop\car\IMG\right_2019_07_18_12_17_02_248.jpg,0,0.1917306,0,14.53954
C:\Users\Lenovo\Desktop\car\IMG\center_2019_07_18_12_17_02_373.jpg,C:\Users\Lenovo\Desktop\car\IMG\left_2019_07_18_12_17_02_373.jpg,C:\Users\Lenovo\Desktop\car\IMG\right_2019_07_18_12_17_02_373.jpg,0,0,0,14.43956
C:\Users\Lenovo\Desktop\car\IMG\center_2019_07_18_12_17_02_500.jpg,C:\Users\Lenovo\Desktop\car\IMG\left_2019_07_18_12_17_02_500.jpg,C:\Users\Lenovo\Desktop\car\IMG\right_2019_07_18_12_17_02_500.jpg,0,0.3876835,0,14.52337
C:\Users\Lenovo\Desktop\car\IMG\center_2019_07_18_12_17_02_627.jpg,C:\Users\Lenovo\Desktop\car\IMG\left_2019_07_18_12_17_02_627.jpg,C:\Users\Lenovo\Desktop\car\IMG\right_2019_07_18_12_17_02_627.jpg,0,0.008713409,0,14.49319
C:\Users\Lenovo\Desktop\car\IMG\center_2019_07_18_12_17_02_753.jpg,C:\Users\Lenovo\Desktop\car\IMG\left_2019_07_18_12_17_02_753.jpg,C:\Users\Lenovo\Desktop\car\IMG\right_2019_07_18_12_17_02_753.jpg,0,0,0,14.35764
C:\Users\Lenovo\Desktop\car\IMG\center_2019_07_18_12_17_02_882.jpg,C:\Users\Lenovo\Desktop\car\IMG\left_2019_07_18_12_17_02_882.jpg,C:\Users\Lenovo\Desktop\car\IMG\right_2019_07_18_12_17_02_882.jpg,0,0,0,14.39851
C:\Users\Lenovo\Desktop\car\IMG\center_2019_07_18_12_17_03_015.jpg,C:\Users\Lenovo\Desktop\car\IMG\left_2019_07_18_12_17_03_015.jpg,C:\Users\Lenovo\Desktop\car\IMG\right_2019_07_18_12_17_03_015.jpg,0,0.2052056,0,14.26762
C:\Users\Lenovo\Desktop\car\IMG\center_2019_07_18_12_17_03_144.jpg,C:\Users\Lenovo\Desktop\car\IMG\left_2019_07_18_12_17_03_144.jpg,C:\Users\Lenovo\Desktop\car\IMG\right_2019_07_18_12_17_03_144.jpg,0,0,0,13.86567
C:\Users\Lenovo\Desktop\car\IMG\center_2019_07_18_12_17_03_269.jpg,C:\Users\Lenovo\Desktop\car\IMG\left_2019_07_18_12_17_03_269.jpg,C:\Users\Lenovo\Desktop\car\IMG\right_2019_07_18_12_17_03_269.jpg,0,0.3755695,0,14.09083
C:\Users\Lenovo\Desktop\car\IMG\center_2019_07_18_12_17_03_395.jpg,C:\Users\Lenovo\Desktop\car\IMG\left_2019_07_18_12_17_03_395.jpg,C:\Users\Lenovo\Desktop\car\IMG\right_2019_07_18_12_17_03_395.jpg,0,0,0,14.06752
C:\Users\Lenovo\Desktop\car\IMG\center_2019_07_18_12_17_03_524.jpg,C:\Users\Lenovo\Desktop\car\IMG\left_2019_07_18_12_17_03_524.jpg,C:\Users\Lenovo\Desktop\car\IMG\right_2019_07_18_12_17_03_524.jpg,0,0.38025,0,14.66366
C:\Users\Lenovo\Desktop\car\IMG\center_2019_07_18_12_17_03_651.jpg,C:\Users\Lenovo\Desktop\car\IMG\left_2019_07_18_12_17_03_651.jpg,C:\Users\Lenovo\Desktop\car\IMG\right_2019_07_18_12_17_03_651.jpg,0,0,0,14.61438
C:\Users\Lenovo\Desktop\car\IMG\center_2019_07_18_12_17_03_780.jpg,C:\Users\Lenovo\Desktop\car\IMG\left_2019_07_18_12_17_03_780.jpg,C:\Users\Lenovo\Desktop\car\IMG\right_2019_07_18_12_17_03_780.jpg,0,0.3850202,0,14.66687
C:\Users\Lenovo\Desktop\car\IMG\center_2019_07_18_12_17_03_909.jpg,C:\Users\Lenovo\Desktop\car\IMG\left_2019_07_18_12_17_03_909.jpg,C:\Users\Lenovo\Desktop\car\IMG\right_2019_07_18_12_17_03_909.jpg,0,0.7653146,0,15.51377
C:\Users\Lenovo\Desktop\car\IMG\center_2019_07_18_12_17_03_985.jpg,C:\Users\Lenovo\Desktop\car\IMG\left_2019_07_18_12_17_03_985.jpg,C:\Users\Lenovo\Desktop\car\IMG\right_2019_07_18_12_17_03_985.jpg,0,0.9834652,0,16.29663
C:\Users\Lenovo\Desktop\car\IMG\center_2019_07_18_12_17_04_093.jpg,C:\Users\Lenovo\Desktop\car\IMG\left_2019_07_18_12_17_04_093.jpg,C:\Users\Lenovo\Desktop\car\IMG\right_2019_07_18_12_17_04_093.jpg,0,1,0,17.58734
C:\Users\Lenovo\Desktop\car\IMG\center_2019_07_18_12_17_04_223.jpg,C:\Users\Lenovo\Desktop\car\IMG\left_2019_07_18_12_17_04_223.jpg,C:\Users\Lenovo\Desktop\car\IMG\right_2019_07_18_12_17_04_223.jpg,0,1,0,18.83929
C:\Users\Lenovo\Desktop\car\IMG\center_2019_07_18_12_17_04_349.jpg,C:\Users\Lenovo\Desktop\car\IMG\left_2019_07_18_12_17_04_349.jpg,C:\Users\Lenovo\Desktop\car\IMG\right_2019_07_18_12_17_04_349.jpg,0,1,0,20.26937
C:\Users\Lenovo\Desktop\car\IMG\center_2019_07_18_12_17_04_479.jpg,C:\Users\Lenovo\Desktop\car\IMG\left_2019_07_18_12_17_04_479.jpg,C:\Users\Lenovo\Desktop\car\IMG\right_2019_07_18_12_17_04_479.jpg,0,1,0,21.47608
C:\Users\Lenovo\Desktop\car\IMG\center_2019_07_18_12_17_04_606.jpg,C:\Users\Lenovo\Desktop\car\IMG\left_2019_07_18_12_17_04_606.jpg,C:\Users\Lenovo\Desktop\car\IMG\right_2019_07_18_12_17_04_606.jpg,0,0.8061813,0,22.69437
C:\Users\Lenovo\Desktop\car\IMG\center_2019_07_18_12_17_04_733.jpg,C:\Users\Lenovo\Desktop\car\IMG\left_2019_07_18_12_17_04_733.jpg,C:\Users\Lenovo\Desktop\car\IMG\right_2019_07_18_12_17_04_733.jpg,0,0.4234225,0,23.2361
C:\Users\Lenovo\Desktop\car\IMG\center_2019_07_18_12_17_04_865.jpg,C:\Users\Lenovo\Desktop\car\IMG\left_2019_07_18_12_17_04_865.jpg,C:\Users\Lenovo\Desktop\car\IMG\right_2019_07_18_12_17_04_865.jpg,0,0.0292435,0,23.20022
C:\Users\Lenovo\Desktop\car\IMG\center_2019_07_18_12_17_04_998.jpg,C:\Users\Lenovo\Desktop\car\IMG\left_2019_07_18_12_17_04_998.jpg,C:\Users\Lenovo\Desktop\car\IMG\right_2019_07_18_12_17_04_998.jpg,0,0,0,22.87862
C:\Users\Lenovo\Desktop\car\IMG\center_2019_07_18_12_17_05_131.jpg,C:\Users\Lenovo\Desktop\car\IMG\left_2019_07_18_12_17_05_131.jpg,C:\Users\Lenovo\Desktop\car\IMG\right_2019_07_18_12_17_05_131.jpg,0,0,0,22.55899
